Facebook,Reddit,Discord,Instagram,Twitter,Tiktok,Pinterest,CATDOG,LOTR,ID
1,0,0,3,0,4,0,A dog person,4,1
1,0,0,3,0,4,2,A cat person,,2
2,0,0,4,3,4,1,A dog person,,3
3,0,0,2,0,4,1,A dog person,,4
1,0,0,3,0,3,2,A dog person,4,5
0,1,0,4,2,4,2,A dog person,3,6
0,0,0,2,1,4,4,A dog person,1,7
1,1,4,3,1,3,0,A cat person,5,8
1,1,0,3,3,4,1,A cat person,,9
0,0,1,3,1,4,0,A dog person,,10
1,1,3,3,2,4,0,A dog person,,11
1,0,0,4,0,4,0,A dog person,,12
0,3,0,4,2,4,3,A cat person,,13
1,0,0,2,0,3,2,A cat person,4,14
0,3,2,4,1,0,0,A dog person,,15
1,2,0,4,0,3,1,A dog person,3,16
1,0,4,2,2,4,2,A cat person,3,17
0,0,0,1,0,4,1,A dog person,,18
0,0,0,2,0,3,1,A cat person,3,19
2,0,0,3,0,0,0,A dog person,1,20
2,1,0,4,2,4,1,A dog person,,21
0,1,1,2,0,0,0,A dog person,4,22
1,0,1,3,0,4,2,A dog person,,23
2,2,2,3,0,3,0,A cat person,4,24
4,2,0,4,2,4,1,A cat person,3,25
2,1,4,4,2,4,4,A dog person,3,26
1,0,0,4,2,4,2,A dog person,,27
1,0,1,4,2,4,4,A dog person,,28
1,1,2,4,0,4,2,A dog person,,29
2,0,0,4,0,4,0,A dog person,,30
0,0,2,1,4,0,0,A dog person,5,31
2,0,0,4,3,4,1,A dog person,,32
1,0,0,4,1,3,4,A dog person,1,33
0,1,0,4,3,3,2,A dog person,,34
3,4,4,2,1,4,3,A dog person,,35
0,2,0,4,3,4,3,A dog person,3,36
0,1,2,3,1,0,0,A dog person,3,37
0,0,0,4,0,3,1,A cat person,,38
1,0,0,2,0,0,0,A cat person,3,39
3,1,1,4,1,4,1,A cat person,3,40
0,0,0,3,1,3,3,A dog person,1,41
1,1,0,3,2,4,1,A dog person,,42
1,0,0,3,3,4,0,A dog person,5,43
3,0,0,2,0,3,0,A dog person,,44
2,2,0,3,1,0,1,A dog person,,45
1,1,2,3,3,4,4,A dog person,,46
0,3,4,2,2,1,0,A dog person,3,47
0,0,2,0,4,4,4,A cat person,,48
2,0,0,4,0,0,2,A dog person,4,49
0,0,0,4,0,1,2,A dog person,1,50
3,2,0,4,4,4,1,A dog person,,51
0,1,4,2,0,4,1,A cat person,4,52
2,3,2,4,4,4,0,A dog person,,53
1,0,1,4,0,4,1,A dog person,1,54
1,2,1,4,0,4,2,A dog person,1,55
1,0,3,2,3,0,4,A dog person,,56
1,0,0,4,0,4,3,A dog person,,57
0,0,0,3,0,3,2,A dog person,1,58
2,4,2,2,4,0,0,A cat person,,59
1,4,3,4,3,4,0,A dog person,3,60
1,1,3,4,0,0,0,A dog person,4,61
1,0,1,4,3,4,2,A dog person,3,62
1,1,1,2,1,0,0,A dog person,4,63
0,0,1,4,0,0,0,A dog person,4,64
0,0,2,2,2,3,1,A cat person,,65
1,2,2,3,3,4,2,A cat person,,66
2,0,0,3,0,4,3,A dog person,,67
0,0,1,4,1,4,2,A dog person,,68
2,0,1,3,1,4,3,A dog person,,69
3,0,0,3,2,0,1,A dog person,4,70
1,0,3,3,3,0,0,A cat person,5,71
1,0,0,4,2,0,3,A dog person,1,72
0,0,1,3,0,3,0,A dog person,4,73
0,0,1,2,3,4,1,A cat person,,74
2,1,0,3,1,1,1,A dog person,3,75
0,1,0,3,1,4,2,A cat person,3,76
0,2,4,4,2,3,0,A dog person,,77
0,4,4,1,3,3,2,A cat person,3,78
1,0,0,4,0,0,0,A dog person,4,79
0,0,4,0,0,0,0,A dog person,3,80
0,0,0,4,4,3,2,A cat person,3,81
0,0,1,3,3,4,3,A cat person,,82
0,0,2,3,3,0,0,A cat person,5,83
1,0,0,2,0,4,0,A dog person,,84
1,0,0,2,1,2,0,A dog person,1,85
0,0,0,2,0,4,1,A cat person,1,86
1,0,0,4,2,4,3,A dog person,,87
2,0,0,4,2,4,0,A dog person,,88
0,0,0,4,0,1,1,A dog person,,89
0,1,0,4,1,4,2,A cat person,,90
2,1,0,4,1,2,1,A dog person,,91
0,0,1,2,1,4,1,A cat person,,92
1,1,0,3,3,4,3,A dog person,,93
0,0,4,4,0,4,0,A dog person,3,94
3,4,2,2,3,0,4,A cat person,5,95
0,0,0,3,4,4,2,A cat person,,96
0,0,0,0,0,0,0,A dog person,,97
4,3,1,4,1,4,2,A dog person,,98
2,2,2,4,2,4,2,A dog person,,99
1,2,0,3,3,4,3,A dog person,,100
2,2,0,4,3,1,0,A dog person,,101
1,0,0,3,0,4,0,A dog person,,102
0,3,3,0,0,3,0,A cat person,,103
2,0,0,4,1,4,2,A dog person,,104
0,0,0,4,3,3,1,A dog person,,105
1,1,0,4,2,4,2,A dog person,2,106
3,1,0,4,4,1,1,A cat person,,107
0,4,0,4,0,0,2,A dog person,,108
1,2,0,4,0,4,2,A dog person,5,109
1,3,1,2,4,4,3,A cat person,3,110
0,0,0,3,0,0,0,A dog person,,111
0,0,0,3,3,0,0,A dog person,1,112
1,0,0,4,0,4,2,A dog person,,113
0,0,0,3,0,0,3,A cat person,1,114
0,0,0,4,4,0,0,A dog person,,115
0,2,2,4,0,1,0,A cat person,4,116
0,4,1,2,4,4,3,A cat person,3,117
3,0,0,0,0,4,0,A dog person,,118
0,1,3,2,0,0,0,A cat person,5,119
0,1,4,4,0,2,0,A cat person,,120
0,2,0,4,4,4,,A cat person,5,121
1,2,4,2,1,0,0,A cat person,4,122
2,1,1,4,3,4,4,A dog person,,123
0,0,0,0,0,0,0,A dog person,,124
0,3,0,3,0,4,3,A cat person,3,125
1,0,0,4,1,4,4,A dog person,2,126
0,1,1,1,0,0,1,A cat person,3,127
0,0,0,0,0,4,1,A dog person,5,128
0,0,0,2,2,4,1,A dog person,3,129
0,1,1,4,2,4,2,A dog person,,130
0,0,0,3,2,4,0,A dog person,5,131
,3,3,3,2,3,,A dog person,5,132
1,4,1,4,1,2,1,A cat person,5,133
0,1,1,2,0,0,2,A dog person,5,134
1,2,0,2,1,0,0,A dog person,,135
0,4,3,4,2,1,0,A cat person,,136
0,4,4,4,0,0,0,A cat person,1,137
1,1,2,3,1,2,0,A dog person,5,138
1,0,0,3,3,4,2,A dog person,1,139
,,,,,,,,-51,140
