ID,LOTR,catdog,Field,Field_short,Facebook,Instagram,Twitter,Tiktok,Reddit,Pinterest,Discord
1,4,A dog person,Cognitive,Other,1,3,0,4,0,0,0
2,,A cat person,Health,Other,1,3,0,4,0,2,0
3,,A dog person,Social,Social,2,4,3,4,0,1,0
4,,A dog person,Other,Other,3,2,0,4,0,1,0
5,4,A dog person,Educational,Other,1,3,0,3,0,2,0
6,3,A dog person,Counseling,Counseling,0,4,2,4,1,2,0
7,1,A dog person,Developmental,Other,0,2,1,4,0,4,0
8,5,A cat person,Cognitive,Other,1,3,1,3,1,0,4
9,,A cat person,Clinical,Clinical,1,3,3,4,1,1,0
10,,A dog person,Organizational,Other,0,3,1,4,0,0,1
11,,A dog person,Health,Other,1,3,2,4,1,0,3
12,,A dog person,Counseling,Counseling,1,4,0,4,0,0,0
13,,A cat person,Health,Other,0,4,2,4,3,3,0
14,4,A cat person,Educational,Other,1,2,0,3,0,2,0
15,,A dog person,Social,Social,0,4,1,0,3,0,2
16,3,A dog person,Social,Social,1,4,0,3,2,1,0
17,3,A cat person,Other,Other,1,2,2,4,0,2,4
18,,A dog person,Cognitive,Other,0,1,0,4,0,1,0
19,3,A cat person,Clinical,Clinical,0,2,0,3,0,1,0
20,1,A dog person,Health,Other,2,3,0,0,0,0,0
21,,A dog person,Educational,Other,2,4,2,4,1,1,0
22,4,A dog person,Other,Other,0,2,0,0,1,0,1
23,,A dog person,Developmental,Other,1,3,0,4,0,2,1
24,4,A cat person,Developmental,Other,2,3,0,3,2,0,2
25,3,A cat person,Cognitive,Other,4,4,2,4,2,1,0
26,3,A dog person,Clinical,Clinical,2,4,2,4,1,4,4
27,,A dog person,Clinical,Clinical,1,4,2,4,0,2,0
28,,A dog person,Other,Other,1,4,2,4,0,4,1
29,,A dog person,Clinical,Clinical,1,4,0,4,1,2,2
30,,A dog person,Clinical,Clinical,2,4,0,4,0,0,0
31,5,A dog person,Cognitive,Other,0,1,4,0,0,0,2
32,,A dog person,Developmental,Other,2,4,3,4,0,1,0
33,1,A dog person,Social,Social,1,4,1,3,0,4,0
34,,A dog person,Health,Other,0,4,3,3,1,2,0
35,,A dog person,Social,Social,3,2,1,4,4,3,4
36,3,A dog person,Developmental,Other,0,4,3,4,2,3,0
37,3,A dog person,Social,Social,0,3,1,0,1,0,2
38,,A cat person,Clinical,Clinical,0,4,0,3,0,1,0
39,3,A cat person,Counseling,Counseling,1,2,0,0,0,0,0
40,3,A cat person,Developmental,Other,3,4,1,4,1,1,1
41,1,A dog person,Clinical,Clinical,0,3,1,3,0,3,0
42,,A dog person,Educational,Other,1,3,2,4,1,1,0
43,5,A dog person,Cognitive,Other,1,3,3,4,0,0,0
44,,A dog person,Social,Social,3,2,0,3,0,0,0
45,,A dog person,Counseling,Counseling,2,3,1,0,2,1,0
46,,A dog person,Developmental,Other,1,3,3,4,1,4,2
47,3,A dog person,Health,Other,0,2,2,1,3,0,4
48,,A cat person,Clinical,Clinical,0,0,4,4,0,4,2
49,4,A dog person,Developmental,Other,2,4,0,0,0,2,0
50,1,A dog person,Cognitive,Other,0,4,0,1,0,2,0
51,,A dog person,Counseling,Counseling,3,4,4,4,2,1,0
52,4,A cat person,Clinical,Clinical,0,2,0,4,1,1,4
53,,A dog person,Clinical,Clinical,2,4,4,4,3,0,2
54,1,A dog person,Developmental,Other,1,4,0,4,0,1,1
55,1,A dog person,Educational,Other,1,4,0,4,2,2,1
56,,A dog person,Clinical,Clinical,1,2,3,0,0,4,3
57,,A dog person,Health,Other,1,4,0,4,0,3,0
58,1,A dog person,Clinical,Clinical,0,3,0,3,0,2,0
59,,A cat person,Clinical,Clinical,2,2,4,0,4,0,2
60,3,A dog person,Counseling,Counseling,1,4,3,4,4,0,3
61,4,A dog person,Social,Social,1,4,0,0,1,0,3
62,3,A dog person,Cognitive,Other,1,4,3,4,0,2,1
63,4,A dog person,Social,Social,1,2,1,0,1,0,1
64,4,A dog person,Social,Social,0,4,0,0,0,0,1
65,,A cat person,Counseling,Counseling,0,2,2,3,0,1,2
66,,A cat person,Educational,Other,1,3,3,4,2,2,2
67,,A dog person,Clinical,Clinical,2,3,0,4,0,3,0
68,,A dog person,Other,Other,0,4,1,4,0,2,1
69,,A dog person,Clinical,Clinical,2,3,1,4,0,3,1
70,4,A dog person,Counseling,Counseling,3,3,2,0,0,1,0
71,5,A cat person,Educational,Other,1,3,3,0,0,0,3
72,1,A dog person,Social,Social,1,4,2,0,0,3,0
73,4,A dog person,Other,Other,0,3,0,3,0,0,1
74,,A cat person,Developmental,Other,0,2,3,4,0,1,1
75,3,A dog person,Counseling,Counseling,2,3,1,1,1,1,0
76,3,A cat person,Clinical,Clinical,0,3,1,4,1,2,0
77,,A dog person,Clinical,Clinical,0,4,2,3,2,0,4
78,3,A cat person,Cognitive,Other,0,1,3,3,4,2,4
79,4,A dog person,Cognitive,Other,1,4,0,0,0,0,0
80,3,A dog person,Social,Social,0,0,0,0,0,0,4
81,3,A cat person,Developmental,Other,0,4,4,3,0,2,0
82,,A cat person,Cognitive,Other,0,3,3,4,0,3,1
83,5,A cat person,Clinical,Clinical,0,3,3,0,0,0,2
84,,A dog person,Cognitive,Other,1,2,0,4,0,0,0
85,1,A dog person,Counseling,Counseling,1,2,1,2,0,0,0
86,1,A cat person,Educational,Other,0,2,0,4,0,1,0
87,,A dog person,Educational,Other,1,4,2,4,0,3,0
88,,A dog person,Cognitive,Other,2,4,2,4,0,0,0
89,,A dog person,Developmental,Other,0,4,0,1,0,1,0
90,,A cat person,Organizational,Other,0,4,1,4,1,2,0
91,,A dog person,Other,Other,2,4,1,2,1,1,0
92,,A cat person,Clinical,Clinical,0,2,1,4,0,1,1
93,,A dog person,Developmental,Other,1,3,3,4,1,3,0
94,3,A dog person,Health,Other,0,4,0,4,0,0,4
95,5,A cat person,Cognitive,Other,3,2,3,0,4,4,2
96,,A cat person,Health,Other,0,3,4,4,0,2,0
97,,A dog person,Developmental,Other,0,0,0,0,0,0,0
98,,A dog person,Other,Other,4,4,1,4,3,2,1
99,,A dog person,Clinical,Clinical,2,4,2,4,2,2,2
100,,A dog person,Clinical,Clinical,1,3,3,4,2,3,0
101,,A dog person,Counseling,Counseling,2,4,3,1,2,0,0
102,,A dog person,Social,Social,1,3,0,4,0,0,0
103,,A cat person,Cognitive,Other,0,0,0,3,3,0,3
104,,A dog person,Other,Other,2,4,1,4,0,2,0
105,,A dog person,Counseling,Counseling,0,4,3,3,0,1,0
106,2,A dog person,Developmental,Other,1,4,2,4,1,2,0
107,,A cat person,Educational,Other,3,4,4,1,1,1,0
108,,A dog person,Social,Social,0,4,0,0,4,2,0
109,5,A dog person,Social,Social,1,4,0,4,2,2,0
110,3,A cat person,Social,Social,1,2,4,4,3,3,1
111,,A dog person,Clinical,Clinical,0,3,0,0,0,0,0
112,1,A dog person,Counseling,Counseling,0,3,3,0,0,0,0
113,,A dog person,Cognitive,Other,1,4,0,4,0,2,0
114,1,A cat person,Social,Social,0,3,0,0,0,3,0
115,,A dog person,Other,Other,0,4,4,0,0,0,0
116,4,A cat person,Clinical,Clinical,0,4,0,1,2,0,2
117,3,A cat person,Social,Social,0,2,4,4,4,3,1
118,,A dog person,Social,Social,3,0,0,4,0,0,0
119,5,A cat person,Clinical,Clinical,0,2,0,0,1,0,3
120,,A cat person,Cognitive,Other,0,4,0,2,1,0,4
121,5,A cat person,Clinical,Clinical,0,4,4,4,2,,0
122,,A dog person,Social,Social,2,4,3,4,1,4,1
123,,A dog person,Other,Other,0,0,0,0,0,0,0
124,3,A cat person,Clinical,Clinical,0,3,0,4,3,3,0
125,2,A dog person,Cognitive,Other,1,4,1,4,0,4,0
126,3,A cat person,Clinical,Clinical,0,1,0,0,1,1,1
127,5,A dog person,Counseling,Counseling,0,0,0,4,0,1,0
128,3,A dog person,Developmental,Other,0,2,2,4,0,1,0
129,,A dog person,Cognitive,Other,0,4,2,4,1,2,1
130,5,A dog person,Health,Other,0,3,2,4,0,0,0
131,5,A dog person,Social,Social,,3,2,3,3,,3
132,5,A cat person,Counseling,Counseling,1,4,1,2,4,1,1
133,5,A dog person,Clinical,Clinical,0,2,0,0,1,2,1
134,,A dog person,Other,Other,1,2,1,0,2,0,0
135,,A cat person,Social,Social,0,4,2,1,4,0,3
136,1,A cat person,Counseling,Counseling,0,4,0,0,4,0,4
137,5,A dog person,Health,Other,1,3,1,2,1,0,2
138,1,A dog person,Educational,Other,1,3,3,4,0,2,0
139,5,A cat person,Clinical,Clinical,0,3,3,0,0,0,2
140,5,A cat person,Educational,Other,0,3,0,0,3,0,0
141,1,A dog person,Organizational,Other,1,3,1,0,3,2,4
142,,A dog person,Counseling,Counseling,3,4,0,3,1,0,0
143,1,A cat person,Cognitive,Other,2,2,1,3,0,2,0
144,5,A dog person,Clinical,Clinical,0,4,3,4,4,0,4
145,,A dog person,Cognitive,Other,4,3,0,0,1,2,3
146,,A cat person,Clinical,Clinical,0,4,4,4,2,2,0
147,1,A dog person,Counseling,Counseling,1,3,3,2,0,0,0
148,3,A dog person,Clinical,Clinical,0,3,0,3,1,0,2
149,2,A dog person,Counseling,Counseling,0,3,4,0,2,2,2
150,2,A dog person,Health,Other,3,3,1,4,0,0,0
151,5,A dog person,Developmental,Other,0,3,0,2,1,1,4
152,5,A dog person,Clinical,Clinical,0,3,1,4,0,0,2
153,3,A dog person,Organizational,Other,1,2,1,4,0,2,0
154,,A dog person,Other,Other,1,4,3,4,3,3,0
155,,A dog person,Health,Other,1,3,0,4,0,2,0
156,,A cat person,Social,Social,0,3,0,2,0,0,0
157,,A dog person,Clinical,Clinical,0,4,1,4,0,0,1
158,4,A dog person,Social,Social,0,4,0,2,0,0,4
159,,A dog person,Clinical,Clinical,2,3,0,0,0,0,0
160,,A dog person,Counseling,Counseling,0,4,2,1,0,1,0
161,,A dog person,Educational,Other,3,4,1,4,4,2,0
162,5,A dog person,Clinical,Clinical,0,4,0,1,2,0,3
163,3,A dog person,Social,Social,1,4,3,4,1,1,0
164,5,A dog person,Health,Other,0,0,3,0,3,0,0
165,1,A cat person,Social,Social,0,4,0,4,0,0,0
166,,A dog person,Health,Other,0,3,3,4,2,2,0
167,,A dog person,Educational,Other,1,3,4,3,3,3,2
168,,A dog person,Educational,Other,1,3,4,3,3,3,2
169,,A dog person,Counseling,Counseling,1,2,3,1,1,1,0
170,,A dog person,Counseling,Counseling,1,4,3,4,0,0,0
171,5,A cat person,Cognitive,Other,,4,1,4,1,2,0
172,3,A cat person,Counseling,Counseling,2,3,2,0,3,0,4
173,1,A cat person,Health,Other,1,0,0,0,4,0,4
174,2,A dog person,Health,Other,4,4,2,4,0,1,0
175,,A dog person,Clinical,Clinical,1,4,4,4,0,1,0
176,,A cat person,Social,Social,1,1,4,0,0,0,3
177,1,A cat person,Cognitive,Other,0,1,0,1,1,1,1
178,3,A dog person,Counseling,Counseling,3,4,0,1,0,2,0
179,,A dog person,Counseling,Counseling,1,4,3,4,0,4,0
